line,tail_family,group_family,rank,n,total_E,coverage_mean,coverage_median,coverage_p10,coverage_p25,coverage_p75,coverage_p90,coverage_min,coverage_max,tail_mean,tail_median,tail_p90,weighted_coverage,weighted_tail,max_weighted_tail,energy_coverage_mean,energy_coverage_median,energy_coverage_p10,energy_coverage_p90,energy_coverage_min,energy_coverage_max,energy_weighted_coverage,energy_weighted_tail,coverage_gap_e_minus_c_mean,coverage_gap_e_minus_c_weighted
55,w1,mlp_in,16,32,2.3063763658828726,0.014831728040007874,0.01417575590312481,0.010474704764783382,0.011150513775646687,0.0171919004060328,0.019700474478304388,0.009453645907342434,0.027433745563030243,0.9851682719599921,0.9858242440968752,0.9895252952352167,0.013981075993430233,0.9860189240065698,0.13611182369998132,0.01056196793797426,0.010106679517775774,0.009560661297291518,0.012199231795966626,0.009299201890826225,0.013576303608715534,0.010493224944537544,0.9895067750554626,-0.004269760102033615,-0.0034878510488926887
55,w1,mlp_in,32,32,2.3063763658828726,0.02597469970351085,0.025592118501663208,0.02001870609819889,0.021205431316047907,0.028385932557284832,0.030791159160435202,0.01854151487350464,0.039463285356760025,0.9740253002964891,0.9744078814983368,0.9799812939018011,0.024815485611065898,0.975184514388934,0.13480054424823976,0.020203005813527852,0.01979433186352253,0.018811813183128835,0.022599635273218156,0.018365412950515747,0.02329433336853981,0.020033159603622112,0.9799668403963779,-0.005771693889982998,-0.004782326007443785
55,w1,mlp_in,48,32,2.3063763658828726,0.036180210823658854,0.035830071195960045,0.029457999393343925,0.03081710822880268,0.03898102603852749,0.042822423949837686,0.02746155858039856,0.05243397131562233,0.9638197891763411,0.96416992880404,0.9705420006066561,0.03479682830614858,0.9652031716938517,0.1336362028682981,0.02958693727850914,0.029202675446867943,0.027752660028636453,0.0323799766600132,0.02728026732802391,0.03374281898140907,0.029329702250637343,0.9706702977493625,-0.006593273545149714,-0.005467126055511237
55,w1,mlp_in,64,32,2.3063763658828726,0.04605557699687779,0.04578037187457085,0.038364189118146895,0.04016088414937258,0.04869971890002489,0.053594388812780384,0.03641312196850777,0.06362013518810272,0.9539444230031222,0.9542196281254292,0.9616358108818531,0.04452593851877179,0.955474061481228,0.13243202859323502,0.03877549327444285,0.03839896433055401,0.03651946224272251,0.041860603913664814,0.0360630638897419,0.04374322295188904,0.03844116178160245,0.9615588382183975,-0.007280083722434938,-0.0060847767371693395
55,w1,mlp_in,96,32,2.3063763658828726,0.06493006239179522,0.06472542881965637,0.05629494115710259,0.05903286952525377,0.06899122521281242,0.0731867015361786,0.05336323752999306,0.08529932051897049,0.9350699376082048,0.9352745711803436,0.9437050588428975,0.06306958767585316,0.9369304123241471,0.13010246367296233,0.05667998513672501,0.0561395063996315,0.053695020452141765,0.06068250015377998,0.05329744517803192,0.06285297870635986,0.056213295559143665,0.9437867044408563,-0.00825007725507021,-0.006856292116709496
55,w1,mlp_in,128,32,2.3063763658828726,0.08314113924279809,0.08271416276693344,0.07374250888824463,0.07618778198957443,0.0877293087542057,0.09400628432631493,0.06982316076755524,0.10546674579381943,0.9168588607572019,0.9172858372330666,0.9262574911117554,0.08102633420447534,0.9189736657955249,0.12776511597841275,0.07406029757112265,0.07351872324943542,0.07054342553019523,0.07883259728550912,0.07007930427789688,0.0810910165309906,0.07348263027639733,0.926517369723603,-0.009080841671675444,-0.007543703928078016
55,w2,mlp_out,16,17,1.9547588259182629,0.03783439176485819,0.014277820475399494,0.012201465107500552,0.013034633360803127,0.018516896292567253,0.0243003323674202,0.01126000564545393,0.3877005875110626,0.9621656082351419,0.9857221795246005,0.9877985348924995,0.020849619716131744,0.9791503802838682,0.13372207075320752,0.011493914103245033,0.010490856133401394,0.010023770295083521,0.012781842052936553,0.009874267503619194,0.021258488297462463,0.011012521914177694,0.9889874780858222,-0.02634047766161316,-0.00983709780195405
55,w2,mlp_out,32,17,1.9547588259182629,0.047933390802320314,0.023689651861786842,0.021358685567975044,0.022028574720025063,0.027983734384179115,0.03519399948418141,0.02051519602537155,0.40764230489730835,0.9520666091976797,0.9763103481382132,0.978641314432025,0.03043012718131721,0.9695698728186828,0.13251822083497306,0.020888772190493697,0.019587097689509392,0.019062867388129234,0.0226592518389225,0.018886443227529526,0.03431703522801399,0.020218990343448533,0.9797810096565517,-0.027044618611826617,-0.010211136837868676
55,w2,mlp_out,48,17,1.9547588259182629,0.05749868250945035,0.03283166140317917,0.030277075245976448,0.030880248174071312,0.03713347017765045,0.044988815486431126,0.029362395405769348,0.42247915267944336,0.9425013174905497,0.9671683385968208,0.9697229247540236,0.039725427917649936,0.9602745720823502,0.1312726102729371,0.030028041123467332,0.028440654277801514,0.02795216478407383,0.03214071542024612,0.027761831879615784,0.04605451598763466,0.029225134279184585,0.9707748657208154,-0.02747064138598302,-0.01050029363846535
55,w2,mlp_out,64,17,1.9547588259182629,0.06671612928895389,0.041734471917152405,0.038915012031793594,0.040043674409389496,0.04613078385591507,0.054468110948801045,0.03851718828082085,0.43474459648132324,0.9332838707110461,0.9582655280828476,0.9610849879682064,0.048775061319736086,0.9512249386802639,0.1300738208367259,0.03897705455036724,0.037092387676239014,0.036714614182710645,0.04133407920598984,0.03651530295610428,0.056958794593811035,0.03807407323743387,0.961925926762566,-0.027739074738586646,-0.010700988082302215
55,w2,mlp_out,96,17,1.9547588259182629,0.08481011057601255,0.059695109724998474,0.056447561085224154,0.05763793736696243,0.06356216967105865,0.07299890816211702,0.056034933775663376,0.46049177646636963,0.9151898894239875,0.9403048902750015,0.9435524389147759,0.06645118656174412,0.9335488134382559,0.12783959824010444,0.056446040816166825,0.05436539277434349,0.05383247435092926,0.059121761471033096,0.05369623005390167,0.07732048630714417,0.05539413620400513,0.9446058637959949,-0.028364069759845727,-0.01105705035773899
55,w2,mlp_out,128,17,1.9547588259182629,0.10201433695414487,0.076781265437603,0.07338294088840484,0.07451191544532776,0.08070221543312073,0.09061708003282548,0.07303762435913086,0.47860977053642273,0.8979856630458551,0.923218734562397,0.9266170591115951,0.08357042851705941,0.9164295714829407,0.12555340069875728,0.0734482525902636,0.07129453122615814,0.07053295224905014,0.07630144357681275,0.07049628347158432,0.0964723452925682,0.07228455431812666,0.9277154456818734,-0.028566084363881278,-0.011285874198932747
55,w3,mlp_in,16,24,3.367255720696941,0.01879503026915093,0.009546010289341211,0.008797322120517492,0.009192979894578457,0.009843509644269943,0.015019502583891153,0.008688291534781456,0.17156273126602173,0.981204969730849,0.9904539897106588,0.9912026778794825,0.014862467260821334,0.9851375327391789,0.16527389117736127,0.019853932045710582,0.009307547472417355,0.009231752995401622,0.015180138032883404,0.009191910736262798,0.19834469258785248,0.015472358752778156,0.9845276412472218,0.001058901776559651,0.0006098914919568221
55,w3,mlp_in,32,24,3.367255720696941,0.028140596269319456,0.01871757861226797,0.017941842600703237,0.01836396101862192,0.019170597195625305,0.026365927234292028,0.017648659646511078,0.18156594038009644,0.9718594037306806,0.981282421387732,0.9820581573992968,0.024136337163275724,0.9758636628367243,0.16371488590411054,0.029032375585908692,0.018405855633318424,0.018261990509927273,0.02561298869550228,0.018192531540989876,0.20753440260887146,0.0246093237723306,0.9753906762276693,0.0008917793165892363,0.0004729866090548776
55,w3,mlp_in,48,24,3.367255720696941,0.037158830324187875,0.02766857948154211,0.027058105729520325,0.027245139237493277,0.028419582173228264,0.036239194497466085,0.026391614228487015,0.18944565951824188,0.9628411696758121,0.9723314205184579,0.9729418942704796,0.03314127991303534,0.9668587200869645,0.1622272270634732,0.03800805037220319,0.027361946180462837,0.027152600511908532,0.03563506081700325,0.027040129527449608,0.2157362550497055,0.03356687805633565,0.9664331219436643,0.0008492200480153186,0.0004255981433003153
55,w3,mlp_in,64,24,3.367255720696941,0.0463165077380836,0.0367443785071373,0.0359749149531126,0.03642596676945686,0.03726301062852144,0.04663888029754162,0.03516214340925217,0.1983405202627182,0.9536834922619164,0.9632556214928627,0.9640250850468873,0.042239940061505006,0.9577600599384948,0.16072878352104605,0.046838910318911076,0.03618662990629673,0.035923059284687045,0.04541061259806156,0.03576880693435669,0.2236189991235733,0.04238692359243448,0.9576130764075654,0.0005224025808274746,0.0001469835309294773
55,w3,mlp_in,96,24,3.367255720696941,0.06401930004358292,0.054797783493995667,0.05311917252838611,0.05345322657376528,0.05550467036664486,0.06704473495483398,0.052537329494953156,0.21454650163650513,0.9359806999564171,0.9452022165060043,0.9468808274716138,0.0598786851116512,0.9401213148883488,0.1577020819371028,0.06413943429167072,0.05349458567798138,0.05313523709774018,0.06438503675162792,0.05289875343441963,0.23882505297660828,0.059678252148577075,0.9403217478514226,0.00012013424808780815,-0.00020043296307412778
55,w3,mlp_in,128,24,3.367255720696941,0.08099452685564756,0.07171693444252014,0.06975051164627075,0.07052207179367542,0.07268695160746574,0.08431234955787659,0.06917279213666916,0.2299427092075348,0.9190054731443524,0.9282830655574799,0.9302494883537293,0.07687476596057995,0.9231252340394202,0.15489007421113032,0.08102258418997128,0.07041313871741295,0.06995351687073707,0.08274973407387733,0.06965135782957077,0.25347900390625,0.07656188650156048,0.9234381134984395,2.8057334323719485e-05,-0.00031287945901946335
55,wqkv,attn_in,16,32,1.7197949214238923,0.0628238070057705,0.03858830966055393,0.022451899759471417,0.02459164522588253,0.05846884660422802,0.07345762103796008,0.019783077761530876,0.5904056429862976,0.9371761929942295,0.9614116903394461,0.9775481002405285,0.03724199444753812,0.962758005552462,0.0818851622828339,0.028074278467101976,0.01904361043125391,0.014884726051241158,0.02525614891201258,0.01417344156652689,0.2729471027851105,0.01905295990158836,0.9809470400984116,-0.03474952853866853,-0.018189034545949757
55,wqkv,attn_in,32,32,1.7197949214238923,0.08820614055730402,0.061853207647800446,0.04108386784791947,0.04258520435541868,0.08231910318136215,0.09997290223836901,0.034867044538259506,0.6928519606590271,0.911793859442696,0.9381467923521996,0.9589161321520806,0.05801757808727091,0.941982421912729,0.0802598760852888,0.047137161483988166,0.03550498187541962,0.028717404417693614,0.044972105696797375,0.027543695643544197,0.34960120916366577,0.035611733127572875,0.9643882668724268,-0.04106897907331586,-0.022405844959698037
55,wqkv,attn_in,48,32,1.7197949214238923,0.109340432099998,0.08005653694272041,0.05608880110085011,0.06110218074172735,0.1031854972243309,0.12097824439406395,0.04961593821644783,0.7489319443702698,0.890659567900002,0.9199434630572796,0.94391119889915,0.07688582705324748,0.9231141729467522,0.07895110886953607,0.06448450719472021,0.051184361800551414,0.0419919591397047,0.06531142666935921,0.040555115789175034,0.4025368392467499,0.05128942124928928,0.9487105787507105,-0.04485592490527779,-0.0255964058039582
55,wqkv,attn_in,64,32,1.7197949214238923,0.12782502407208085,0.09733135253190994,0.07168986573815346,0.0768208522349596,0.1215515099465847,0.14226777851581576,0.06361553072929382,0.7826308608055115,0.8721749759279191,0.9026686474680901,0.9283101342618466,0.09399725937982643,0.9060027406201738,0.07770357180082524,0.0808168901130557,0.06626997515559196,0.05493040978908539,0.084686828404665,0.053269755095243454,0.4451718032360077,0.06633064234415297,0.9336693576558469,-0.047008133959025145,-0.02766661703567347
55,wqkv,attn_in,96,32,1.7197949214238923,0.16120904008857906,0.12891321629285812,0.10059868246316911,0.10869174264371395,0.1559213623404503,0.17869875878095628,0.08942344784736633,0.8264699578285217,0.8387909599114209,0.8710867837071419,0.8994013175368308,0.1258246669085103,0.8741753330914896,0.07529568043744568,0.11136280256323516,0.09495846927165985,0.07995692193508147,0.11933252140879631,0.07793691009283066,0.5125837326049805,0.09494388227107253,0.9050561177289274,-0.049846237525343895,-0.030880784637437764
55,wqkv,attn_in,128,32,1.7197949214238923,0.1910065207630396,0.15842365473508835,0.12694349884986877,0.13652340695261955,0.1863250620663166,0.20908739864826204,0.11508335918188095,0.8549713492393494,0.8089934792369604,0.8415763452649117,0.8730565011501312,0.15478469642934325,0.8452153035706566,0.07306425083731503,0.13980319048278034,0.12212225422263145,0.10403414815664291,0.15273372530937196,0.10173296183347702,0.5657511949539185,0.12197760271658976,0.8780223972834099,-0.05120333028025925,-0.03280709371275349
42,w1,mlp_in,16,32,2.3063763658828726,0.014831728040007874,0.01417575590312481,0.010474704764783382,0.011150513775646687,0.0171919004060328,0.019700474478304388,0.009453645907342434,0.027433745563030243,0.9851682719599921,0.9858242440968752,0.9895252952352167,0.013981075993430233,0.9860189240065698,0.13611182369998132,0.01056196793797426,0.010106679517775774,0.009560661297291518,0.012199231795966626,0.009299201890826225,0.013576303608715534,0.010493224944537544,0.9895067750554626,-0.004269760102033615,-0.0034878510488926887
42,w1,mlp_in,32,32,2.3063763658828726,0.02597469970351085,0.025592118501663208,0.02001870609819889,0.021205431316047907,0.028385932557284832,0.030791159160435202,0.01854151487350464,0.039463285356760025,0.9740253002964891,0.9744078814983368,0.9799812939018011,0.024815485611065898,0.975184514388934,0.13480054424823976,0.020203005813527852,0.01979433186352253,0.018811813183128835,0.022599635273218156,0.018365412950515747,0.02329433336853981,0.020033159603622112,0.9799668403963779,-0.005771693889982998,-0.004782326007443785
42,w1,mlp_in,48,32,2.3063763658828726,0.036180210823658854,0.035830071195960045,0.029457999393343925,0.03081710822880268,0.03898102603852749,0.042822423949837686,0.02746155858039856,0.05243397131562233,0.9638197891763411,0.96416992880404,0.9705420006066561,0.03479682830614858,0.9652031716938517,0.1336362028682981,0.02958693727850914,0.029202675446867943,0.027752660028636453,0.0323799766600132,0.02728026732802391,0.03374281898140907,0.029329702250637343,0.9706702977493625,-0.006593273545149714,-0.005467126055511237
42,w1,mlp_in,64,32,2.3063763658828726,0.04605557699687779,0.04578037187457085,0.038364189118146895,0.04016088414937258,0.04869971890002489,0.053594388812780384,0.03641312196850777,0.06362013518810272,0.9539444230031222,0.9542196281254292,0.9616358108818531,0.04452593851877179,0.955474061481228,0.13243202859323502,0.03877549327444285,0.03839896433055401,0.03651946224272251,0.041860603913664814,0.0360630638897419,0.04374322295188904,0.03844116178160245,0.9615588382183975,-0.007280083722434938,-0.0060847767371693395
42,w1,mlp_in,96,32,2.3063763658828726,0.06493006239179522,0.06472542881965637,0.05629494115710259,0.05903286952525377,0.06899122521281242,0.0731867015361786,0.05336323752999306,0.08529932051897049,0.9350699376082048,0.9352745711803436,0.9437050588428975,0.06306958767585316,0.9369304123241471,0.13010246367296233,0.05667998513672501,0.0561395063996315,0.053695020452141765,0.06068250015377998,0.05329744517803192,0.06285297870635986,0.056213295559143665,0.9437867044408563,-0.00825007725507021,-0.006856292116709496
42,w1,mlp_in,128,32,2.3063763658828726,0.08314113924279809,0.08271416276693344,0.07374250888824463,0.07618778198957443,0.0877293087542057,0.09400628432631493,0.06982316076755524,0.10546674579381943,0.9168588607572019,0.9172858372330666,0.9262574911117554,0.08102633420447534,0.9189736657955249,0.12776511597841275,0.07406029757112265,0.07351872324943542,0.07054342553019523,0.07883259728550912,0.07007930427789688,0.0810910165309906,0.07348263027639733,0.926517369723603,-0.009080841671675444,-0.007543703928078016
42,w2,mlp_out,16,15,1.683696134440982,0.04081245604902506,0.014277820475399494,0.011967450939118864,0.01300849299877882,0.019156419672071934,0.02631079666316509,0.01126000564545393,0.3877005875110626,0.9591875439509749,0.9857221795246005,0.9880325490608811,0.021709180804329133,0.9782908191956711,0.13202215113682136,0.011511164406935373,0.010405775159597397,0.010013088211417198,0.012832526676356794,0.009874267503619194,0.021258488297462463,0.010955387770158923,0.9890446122298413,-0.029301291642089687,-0.01075379303417021
42,w2,mlp_out,32,15,1.683696134440982,0.05106899812817574,0.023689651861786842,0.021212726831436157,0.022114877589046955,0.029065117239952087,0.03723972365260124,0.02051519602537155,0.40764230489730835,0.9489310018718242,0.9763103481382132,0.9787872731685638,0.03139649734398867,0.9686035026560114,0.13081177812305744,0.020969195912281673,0.01935109868645668,0.01906120590865612,0.02272148206830025,0.018886443227529526,0.03431703522801399,0.02020780515556334,0.9797921948444369,-0.030099802215894065,-0.011188692188425334
42,w2,mlp_out,48,15,1.683696134440982,0.06071162149310112,0.03283166140317917,0.030188441276550293,0.03130696061998606,0.03892082720994949,0.04689007923007011,0.029362395405769348,0.42247915267944336,0.9392883785068988,0.9671683385968208,0.9698115587234497,0.04074158248013312,0.959258417519867,0.129644027393248,0.03015779107809067,0.028224283829331398,0.027939848229289056,0.03223630562424659,0.027761831879615784,0.04605451598763466,0.029252073493795237,0.9707479265062047,-0.030553830415010454,-0.011489508986337882
42,w2,mlp_out,64,15,1.683696134440982,0.06998451302448909,0.041734471917152405,0.03885658457875252,0.0403846874833107,0.04820930399000645,0.05638504326343536,0.03851718828082085,0.43474459648132324,0.930015486975511,0.9582655280828476,0.9611434154212475,0.049831144025849594,0.9501688559741506,0.12849707292381216,0.03914564500252406,0.03704846650362015,0.03669002950191498,0.04147155061364174,0.03651530295610428,0.056958794593811035,0.03813179443636533,0.9618682055636346,-0.030838868021965032,-0.011699349589484265
42,w2,mlp_out,96,15,1.683696134440982,0.0882443385819594,0.059695109724998474,0.05643215477466583,0.05772656202316284,0.06577693298459053,0.07512375265359877,0.056034933775663376,0.46049177646636963,0.9117556614180405,0.9403048902750015,0.9435678452253342,0.06764057987696234,0.9323594201230377,0.12617449151174734,0.05667769461870194,0.05436539277434349,0.05380830243229866,0.05934521183371544,0.05369623005390167,0.07732048630714417,0.05550402140975182,0.9444959785902481,-0.031566643963257465,-0.012136558467210519
42,w2,mlp_out,128,15,1.683696134440982,0.10551291008790334,0.076781265437603,0.0733367457985878,0.07455110177397728,0.08285598829388618,0.09284093528985976,0.07303762435913086,0.47860977053642273,0.8944870899120967,0.923218734562397,0.9266632542014122,0.08482378180962082,0.9151762181903791,0.12392230660044921,0.07373061627149582,0.07129453122615814,0.07052285522222518,0.07659100443124771,0.07049628347158432,0.0964723452925682,0.07243766549553991,0.9275623345044602,-0.031782293816407514,-0.012386116314080903
42,w3,mlp_in,16,24,3.367255720696941,0.01879503026915093,0.009546010289341211,0.008797322120517492,0.009192979894578457,0.009843509644269943,0.015019502583891153,0.008688291534781456,0.17156273126602173,0.981204969730849,0.9904539897106588,0.9912026778794825,0.014862467260821334,0.9851375327391789,0.16527389117736127,0.019853932045710582,0.009307547472417355,0.009231752995401622,0.015180138032883404,0.009191910736262798,0.19834469258785248,0.015472358752778156,0.9845276412472218,0.001058901776559651,0.0006098914919568221
42,w3,mlp_in,32,24,3.367255720696941,0.028140596269319456,0.01871757861226797,0.017941842600703237,0.01836396101862192,0.019170597195625305,0.026365927234292028,0.017648659646511078,0.18156594038009644,0.9718594037306806,0.981282421387732,0.9820581573992968,0.024136337163275724,0.9758636628367243,0.16371488590411054,0.029032375585908692,0.018405855633318424,0.018261990509927273,0.02561298869550228,0.018192531540989876,0.20753440260887146,0.0246093237723306,0.9753906762276693,0.0008917793165892363,0.0004729866090548776
42,w3,mlp_in,48,24,3.367255720696941,0.037158830324187875,0.02766857948154211,0.027058105729520325,0.027245139237493277,0.028419582173228264,0.036239194497466085,0.026391614228487015,0.18944565951824188,0.9628411696758121,0.9723314205184579,0.9729418942704796,0.03314127991303534,0.9668587200869645,0.1622272270634732,0.03800805037220319,0.027361946180462837,0.027152600511908532,0.03563506081700325,0.027040129527449608,0.2157362550497055,0.03356687805633565,0.9664331219436643,0.0008492200480153186,0.0004255981433003153
42,w3,mlp_in,64,24,3.367255720696941,0.0463165077380836,0.0367443785071373,0.0359749149531126,0.03642596676945686,0.03726301062852144,0.04663888029754162,0.03516214340925217,0.1983405202627182,0.9536834922619164,0.9632556214928627,0.9640250850468873,0.042239940061505006,0.9577600599384948,0.16072878352104605,0.046838910318911076,0.03618662990629673,0.035923059284687045,0.04541061259806156,0.03576880693435669,0.2236189991235733,0.04238692359243448,0.9576130764075654,0.0005224025808274746,0.0001469835309294773
42,w3,mlp_in,96,24,3.367255720696941,0.06401930004358292,0.054797783493995667,0.05311917252838611,0.05345322657376528,0.05550467036664486,0.06704473495483398,0.052537329494953156,0.21454650163650513,0.9359806999564171,0.9452022165060043,0.9468808274716138,0.0598786851116512,0.9401213148883488,0.1577020819371028,0.06413943429167072,0.05349458567798138,0.05313523709774018,0.06438503675162792,0.05289875343441963,0.23882505297660828,0.059678252148577075,0.9403217478514226,0.00012013424808780815,-0.00020043296307412778
42,w3,mlp_in,128,24,3.367255720696941,0.08099452685564756,0.07171693444252014,0.06975051164627075,0.07052207179367542,0.07268695160746574,0.08431234955787659,0.06917279213666916,0.2299427092075348,0.9190054731443524,0.9282830655574799,0.9302494883537293,0.07687476596057995,0.9231252340394202,0.15489007421113032,0.08102258418997128,0.07041313871741295,0.06995351687073707,0.08274973407387733,0.06965135782957077,0.25347900390625,0.07656188650156048,0.9234381134984395,2.8057334323719485e-05,-0.00031287945901946335
42,wqkv,attn_in,16,32,1.7197949214238923,0.0628238070057705,0.03858830966055393,0.022451899759471417,0.02459164522588253,0.05846884660422802,0.07345762103796008,0.019783077761530876,0.5904056429862976,0.9371761929942295,0.9614116903394461,0.9775481002405285,0.03724199444753812,0.962758005552462,0.0818851622828339,0.028074278467101976,0.01904361043125391,0.014884726051241158,0.02525614891201258,0.01417344156652689,0.2729471027851105,0.01905295990158836,0.9809470400984116,-0.03474952853866853,-0.018189034545949757
42,wqkv,attn_in,32,32,1.7197949214238923,0.08820614055730402,0.061853207647800446,0.04108386784791947,0.04258520435541868,0.08231910318136215,0.09997290223836901,0.034867044538259506,0.6928519606590271,0.911793859442696,0.9381467923521996,0.9589161321520806,0.05801757808727091,0.941982421912729,0.0802598760852888,0.047137161483988166,0.03550498187541962,0.028717404417693614,0.044972105696797375,0.027543695643544197,0.34960120916366577,0.035611733127572875,0.9643882668724268,-0.04106897907331586,-0.022405844959698037
42,wqkv,attn_in,48,32,1.7197949214238923,0.109340432099998,0.08005653694272041,0.05608880110085011,0.06110218074172735,0.1031854972243309,0.12097824439406395,0.04961593821644783,0.7489319443702698,0.890659567900002,0.9199434630572796,0.94391119889915,0.07688582705324748,0.9231141729467522,0.07895110886953607,0.06448450719472021,0.051184361800551414,0.0419919591397047,0.06531142666935921,0.040555115789175034,0.4025368392467499,0.05128942124928928,0.9487105787507105,-0.04485592490527779,-0.0255964058039582
42,wqkv,attn_in,64,32,1.7197949214238923,0.12782502407208085,0.09733135253190994,0.07168986573815346,0.0768208522349596,0.1215515099465847,0.14226777851581576,0.06361553072929382,0.7826308608055115,0.8721749759279191,0.9026686474680901,0.9283101342618466,0.09399725937982643,0.9060027406201738,0.07770357180082524,0.0808168901130557,0.06626997515559196,0.05493040978908539,0.084686828404665,0.053269755095243454,0.4451718032360077,0.06633064234415297,0.9336693576558469,-0.047008133959025145,-0.02766661703567347
42,wqkv,attn_in,96,32,1.7197949214238923,0.16120904008857906,0.12891321629285812,0.10059868246316911,0.10869174264371395,0.1559213623404503,0.17869875878095628,0.08942344784736633,0.8264699578285217,0.8387909599114209,0.8710867837071419,0.8994013175368308,0.1258246669085103,0.8741753330914896,0.07529568043744568,0.11136280256323516,0.09495846927165985,0.07995692193508147,0.11933252140879631,0.07793691009283066,0.5125837326049805,0.09494388227107253,0.9050561177289274,-0.049846237525343895,-0.030880784637437764
42,wqkv,attn_in,128,32,1.7197949214238923,0.1910065207630396,0.15842365473508835,0.12694349884986877,0.13652340695261955,0.1863250620663166,0.20908739864826204,0.11508335918188095,0.8549713492393494,0.8089934792369604,0.8415763452649117,0.8730565011501312,0.15478469642934325,0.8452153035706566,0.07306425083731503,0.13980319048278034,0.12212225422263145,0.10403414815664291,0.15273372530937196,0.10173296183347702,0.5657511949539185,0.12197760271658976,0.8780223972834099,-0.05120333028025925,-0.03280709371275349
42,wo,attn_out,16,0,1.8830422032255925,N/A,N/A,N/A,N/A,N/A,N/A,N/A,N/A,N/A,N/A,N/A,N/A,N/A,N/A,N/A,N/A,N/A,N/A,N/A,N/A,N/A,N/A,N/A,N/A
42,wo,attn_out,32,0,1.8830422032255925,N/A,N/A,N/A,N/A,N/A,N/A,N/A,N/A,N/A,N/A,N/A,N/A,N/A,N/A,N/A,N/A,N/A,N/A,N/A,N/A,N/A,N/A,N/A,N/A
42,wo,attn_out,48,0,1.8830422032255925,N/A,N/A,N/A,N/A,N/A,N/A,N/A,N/A,N/A,N/A,N/A,N/A,N/A,N/A,N/A,N/A,N/A,N/A,N/A,N/A,N/A,N/A,N/A,N/A
42,wo,attn_out,64,0,1.8830422032255925,N/A,N/A,N/A,N/A,N/A,N/A,N/A,N/A,N/A,N/A,N/A,N/A,N/A,N/A,N/A,N/A,N/A,N/A,N/A,N/A,N/A,N/A,N/A,N/A
42,wo,attn_out,96,0,1.8830422032255925,N/A,N/A,N/A,N/A,N/A,N/A,N/A,N/A,N/A,N/A,N/A,N/A,N/A,N/A,N/A,N/A,N/A,N/A,N/A,N/A,N/A,N/A,N/A,N/A
42,wo,attn_out,128,0,1.8830422032255925,N/A,N/A,N/A,N/A,N/A,N/A,N/A,N/A,N/A,N/A,N/A,N/A,N/A,N/A,N/A,N/A,N/A,N/A,N/A,N/A,N/A,N/A,N/A,N/A
